{"timestampUtc":"2025-12-30T11:46:51.999425600Z","engineVersion":"1.0.0","jvm":{"javaVersion":"21.0.8","vmName":"Java HotSpot(TM) 64-Bit Server VM","osName":"Windows 11","osArch":"amd64"},"params":{"algorithms":["quick","heap","shell","merge","radix"],"dataset":"random","size":100000,"repetitions":10,"warmupRuns":5,"seed":42,"allocationMetric":"thread_allocated_bytes"},"resultsByAlgorithm":{"quick":{"timesNs":[7763900,7757700,9006500,7813700,7751900,7697800,7733600,8385000,9749800,7792400],"allocatedBytes":[0,0,0,0,0,0,0,0,0,0],"minNs":7697800,"maxNs":9749800,"avgNs":8145230.0,"medianNs":7778150.0,"minAllocatedBytes":0,"maxAllocatedBytes":0,"avgAllocatedBytes":0.0,"medianAllocatedBytes":0.0},"heap":{"timesNs":[11990500,9872700,10266300,9250800,10205900,9465100,10017900,9217900,11380900,9552900],"allocatedBytes":[0,0,0,0,0,0,0,0,0,0],"minNs":9217900,"maxNs":11990500,"avgNs":1.012209E7,"medianNs":9945300.0,"minAllocatedBytes":0,"maxAllocatedBytes":0,"avgAllocatedBytes":0.0,"medianAllocatedBytes":0.0},"shell":{"timesNs":[12180600,11940000,12196500,12679700,13324000,12613400,11860800,12555100,12298400,12618200],"allocatedBytes":[0,0,0,0,0,0,0,0,0,0],"minNs":11860800,"maxNs":13324000,"avgNs":1.242667E7,"medianNs":1.242675E7,"minAllocatedBytes":0,"maxAllocatedBytes":0,"avgAllocatedBytes":0.0,"medianAllocatedBytes":0.0},"merge":{"timesNs":[11686000,9662800,10793900,11267400,11650600,9657900,10542000,12556400,9939200,9642100],"allocatedBytes":[400016,400016,400016,400016,400016,400016,400016,400016,400016,400016],"minNs":9642100,"maxNs":12556400,"avgNs":1.073983E7,"medianNs":1.066795E7,"minAllocatedBytes":400016,"maxAllocatedBytes":400016,"avgAllocatedBytes":400016.0,"medianAllocatedBytes":400016.0},"radix":{"timesNs":[1490400,1090600,1105400,1082500,1091500,1301500,1210400,1262200,1051800,1299400],"allocatedBytes":[401056,401056,401056,401056,401056,401056,401056,401056,401056,401056],"minNs":1051800,"maxNs":1490400,"avgNs":1198570.0,"medianNs":1157900.0,"minAllocatedBytes":401056,"maxAllocatedBytes":401056,"avgAllocatedBytes":401056.0,"medianAllocatedBytes":401056.0}}}
