{"timestampUtc":"2025-12-30T11:46:46.733346400Z","engineVersion":"1.0.0","jvm":{"javaVersion":"21.0.8","vmName":"Java HotSpot(TM) 64-Bit Server VM","osName":"Windows 11","osArch":"amd64"},"params":{"algorithms":["quick","heap","shell","merge","radix"],"dataset":"random","size":100000,"repetitions":10,"warmupRuns":5,"seed":42,"allocationMetric":"thread_allocated_bytes"},"resultsByAlgorithm":{"quick":{"timesNs":[8167600,8797300,9211200,8288500,8643600,9054200,7815300,7833900,8499100,7940000],"allocatedBytes":[0,0,0,0,0,0,0,0,0,0],"minNs":7815300,"maxNs":9211200,"avgNs":8425070.0,"medianNs":8393800.0,"minAllocatedBytes":0,"maxAllocatedBytes":0,"avgAllocatedBytes":0.0,"medianAllocatedBytes":0.0},"heap":{"timesNs":[11867100,9643400,9801100,10692900,10626000,10306200,10002200,10218300,9484800,9096000],"allocatedBytes":[0,0,0,0,0,0,0,0,0,0],"minNs":9096000,"maxNs":11867100,"avgNs":1.01738E7,"medianNs":1.011025E7,"minAllocatedBytes":0,"maxAllocatedBytes":0,"avgAllocatedBytes":0.0,"medianAllocatedBytes":0.0},"shell":{"timesNs":[13891700,12671400,13437700,13704700,13233700,12712300,13304500,12549500,13152100,12695900],"allocatedBytes":[0,0,0,0,0,0,0,0,0,0],"minNs":12549500,"maxNs":13891700,"avgNs":1.313535E7,"medianNs":1.31929E7,"minAllocatedBytes":0,"maxAllocatedBytes":0,"avgAllocatedBytes":0.0,"medianAllocatedBytes":0.0},"merge":{"timesNs":[11737800,10067600,9900300,9841500,10796800,10436900,10050400,9595900,10602300,10810200],"allocatedBytes":[400016,400016,400016,400016,400016,400016,400016,400016,400016,400016],"minNs":9595900,"maxNs":11737800,"avgNs":1.038397E7,"medianNs":1.025225E7,"minAllocatedBytes":400016,"maxAllocatedBytes":400016,"avgAllocatedBytes":400016.0,"medianAllocatedBytes":400016.0},"radix":{"timesNs":[1669300,1135300,1078200,1163300,1180700,1069800,1053600,1049600,1045000,1262800],"allocatedBytes":[401056,401056,401056,401056,401056,401056,401056,401056,401056,401056],"minNs":1045000,"maxNs":1669300,"avgNs":1170760.0,"medianNs":1106750.0,"minAllocatedBytes":401056,"maxAllocatedBytes":401056,"avgAllocatedBytes":401056.0,"medianAllocatedBytes":401056.0}}}
