{"timestampUtc":"2025-12-30T11:46:49.474326Z","engineVersion":"1.0.0","jvm":{"javaVersion":"21.0.8","vmName":"Java HotSpot(TM) 64-Bit Server VM","osName":"Windows 11","osArch":"amd64"},"params":{"algorithms":["quick","heap","shell","merge","radix"],"dataset":"random","size":100000,"repetitions":10,"warmupRuns":5,"seed":42,"allocationMetric":"thread_allocated_bytes"},"resultsByAlgorithm":{"quick":{"timesNs":[7751000,8693400,7936800,7996600,7789600,7722200,9244800,8648100,8144000,7658100],"allocatedBytes":[0,0,0,0,0,0,0,0,0,0],"minNs":7658100,"maxNs":9244800,"avgNs":8158460.0,"medianNs":7966700.0,"minAllocatedBytes":0,"maxAllocatedBytes":0,"avgAllocatedBytes":0.0,"medianAllocatedBytes":0.0},"heap":{"timesNs":[11997700,9858600,9427500,9850300,10495700,9502500,10928200,9546600,9279100,9889400],"allocatedBytes":[0,0,0,0,0,0,0,0,0,0],"minNs":9279100,"maxNs":11997700,"avgNs":1.007756E7,"medianNs":9854450.0,"minAllocatedBytes":0,"maxAllocatedBytes":0,"avgAllocatedBytes":0.0,"medianAllocatedBytes":0.0},"shell":{"timesNs":[14163000,12353500,13001900,13198300,14063700,14186500,13148100,12080900,12391500,12709900],"allocatedBytes":[0,0,0,0,0,0,0,0,0,0],"minNs":12080900,"maxNs":14186500,"avgNs":1.312973E7,"medianNs":1.3075E7,"minAllocatedBytes":0,"maxAllocatedBytes":0,"avgAllocatedBytes":0.0,"medianAllocatedBytes":0.0},"merge":{"timesNs":[11288900,9620900,10179000,10068700,9890800,9945600,9642000,10168600,10212900,9735100],"allocatedBytes":[400016,400016,400016,400016,400016,400016,400016,400016,400016,400016],"minNs":9620900,"maxNs":11288900,"avgNs":1.007525E7,"medianNs":1.000715E7,"minAllocatedBytes":400016,"maxAllocatedBytes":400016,"avgAllocatedBytes":400016.0,"medianAllocatedBytes":400016.0},"radix":{"timesNs":[1822700,1082300,1082100,1083800,1088800,1232500,1074500,1047700,1052200,1045400],"allocatedBytes":[401056,401056,401056,401056,401056,401056,401056,401056,401056,401056],"minNs":1045400,"maxNs":1822700,"avgNs":1161200.0,"medianNs":1082200.0,"minAllocatedBytes":401056,"maxAllocatedBytes":401056,"avgAllocatedBytes":401056.0,"medianAllocatedBytes":401056.0}}}
