{"timestampUtc":"2025-12-30T11:47:05.363961700Z","engineVersion":"1.0.0","jvm":{"javaVersion":"21.0.8","vmName":"Java HotSpot(TM) 64-Bit Server VM","osName":"Windows 11","osArch":"amd64"},"params":{"algorithms":["quick","heap","shell","merge","radix"],"dataset":"random","size":100000,"repetitions":10,"warmupRuns":5,"seed":42,"allocationMetric":"thread_allocated_bytes"},"resultsByAlgorithm":{"quick":{"timesNs":[8484900,10063700,7739200,7968500,9053600,8543000,7703900,7753100,8859600,8996000],"allocatedBytes":[0,0,0,0,0,0,0,0,0,0],"minNs":7703900,"maxNs":10063700,"avgNs":8516550.0,"medianNs":8513950.0,"minAllocatedBytes":0,"maxAllocatedBytes":0,"avgAllocatedBytes":0.0,"medianAllocatedBytes":0.0},"heap":{"timesNs":[10441600,9642000,9997900,10278800,9434900,9562000,9932500,10675700,10308600,12788500],"allocatedBytes":[0,0,0,0,0,0,0,0,0,0],"minNs":9434900,"maxNs":12788500,"avgNs":1.030625E7,"medianNs":1.013835E7,"minAllocatedBytes":0,"maxAllocatedBytes":0,"avgAllocatedBytes":0.0,"medianAllocatedBytes":0.0},"shell":{"timesNs":[12886300,12242600,12447500,12719800,12879600,13142100,13556500,12493800,13927400,12648900],"allocatedBytes":[0,0,0,0,0,0,0,0,0,0],"minNs":12242600,"maxNs":13927400,"avgNs":1.289445E7,"medianNs":1.27997E7,"minAllocatedBytes":0,"maxAllocatedBytes":0,"avgAllocatedBytes":0.0,"medianAllocatedBytes":0.0},"merge":{"timesNs":[11727100,10096500,9704500,9687300,9909200,10019800,10790600,9619800,12357100,10513300],"allocatedBytes":[400016,400016,400016,400016,400016,400016,400016,400016,400016,400016],"minNs":9619800,"maxNs":12357100,"avgNs":1.044252E7,"medianNs":1.005815E7,"minAllocatedBytes":400016,"maxAllocatedBytes":400016,"avgAllocatedBytes":400016.0,"medianAllocatedBytes":400016.0},"radix":{"timesNs":[1624100,1081300,1461600,1159400,1335700,1059500,1057500,1051000,1210800,1863200],"allocatedBytes":[401056,401056,401056,401056,401056,401056,401056,401056,401056,401056],"minNs":1051000,"maxNs":1863200,"avgNs":1290410.0,"medianNs":1185100.0,"minAllocatedBytes":401056,"maxAllocatedBytes":401056,"avgAllocatedBytes":401056.0,"medianAllocatedBytes":401056.0}}}
