{"timestampUtc":"2025-12-30T11:47:01.270436900Z","engineVersion":"1.0.0","jvm":{"javaVersion":"21.0.8","vmName":"Java HotSpot(TM) 64-Bit Server VM","osName":"Windows 11","osArch":"amd64"},"params":{"algorithms":["quick","heap","shell","merge","radix"],"dataset":"random","size":100000,"repetitions":10,"warmupRuns":5,"seed":42,"allocationMetric":"thread_allocated_bytes"},"resultsByAlgorithm":{"quick":{"timesNs":[8832700,10093900,7777000,8701000,8976200,7718600,7764000,8600400,8511600,7873700],"allocatedBytes":[0,0,0,0,0,0,0,0,0,0],"minNs":7718600,"maxNs":10093900,"avgNs":8484910.0,"medianNs":8556000.0,"minAllocatedBytes":0,"maxAllocatedBytes":0,"avgAllocatedBytes":0.0,"medianAllocatedBytes":0.0},"heap":{"timesNs":[11316700,10493300,10454100,10400600,9180500,9241400,10537500,9971600,9275500,9073500],"allocatedBytes":[0,0,0,0,0,0,0,0,0,0],"minNs":9073500,"maxNs":11316700,"avgNs":9994470.0,"medianNs":1.01861E7,"minAllocatedBytes":0,"maxAllocatedBytes":0,"avgAllocatedBytes":0.0,"medianAllocatedBytes":0.0},"shell":{"timesNs":[12118800,12014800,13072600,12559600,12682700,12316300,13209200,13286700,15746700,13284500],"allocatedBytes":[0,0,0,0,0,0,0,0,0,0],"minNs":12014800,"maxNs":15746700,"avgNs":1.302919E7,"medianNs":1.287765E7,"minAllocatedBytes":0,"maxAllocatedBytes":0,"avgAllocatedBytes":0.0,"medianAllocatedBytes":0.0},"merge":{"timesNs":[10817300,9882000,9647500,10516200,9868500,10075500,9685800,10659800,12001600,10922800],"allocatedBytes":[400016,400016,400016,400016,400016,400016,400016,400016,400016,400016],"minNs":9647500,"maxNs":12001600,"avgNs":1.04077E7,"medianNs":1.029585E7,"minAllocatedBytes":400016,"maxAllocatedBytes":400016,"avgAllocatedBytes":400016.0,"medianAllocatedBytes":400016.0},"radix":{"timesNs":[1264700,1094400,1082100,1081400,1108200,1056700,1070700,1055800,1245100,1049500],"allocatedBytes":[401056,401056,401056,401056,401056,401056,401056,401056,401056,401056],"minNs":1049500,"maxNs":1264700,"avgNs":1110860.0,"medianNs":1081750.0,"minAllocatedBytes":401056,"maxAllocatedBytes":401056,"avgAllocatedBytes":401056.0,"medianAllocatedBytes":401056.0}}}
