{"timestampUtc":"2025-12-30T11:46:56.876611100Z","engineVersion":"1.0.0","jvm":{"javaVersion":"21.0.8","vmName":"Java HotSpot(TM) 64-Bit Server VM","osName":"Windows 11","osArch":"amd64"},"params":{"algorithms":["quick","heap","shell","merge","radix"],"dataset":"random","size":100000,"repetitions":10,"warmupRuns":5,"seed":42,"allocationMetric":"thread_allocated_bytes"},"resultsByAlgorithm":{"quick":{"timesNs":[7929100,9356100,7923300,7697500,9136300,7916600,8984000,7946200,7732600,8418000],"allocatedBytes":[0,0,0,0,0,0,0,0,0,0],"minNs":7697500,"maxNs":9356100,"avgNs":8303970.0,"medianNs":7937650.0,"minAllocatedBytes":0,"maxAllocatedBytes":0,"avgAllocatedBytes":0.0,"medianAllocatedBytes":0.0},"heap":{"timesNs":[10484000,10318600,9272700,9477300,10363900,10059000,9216800,11379500,9619400,9073800],"allocatedBytes":[0,0,0,0,0,0,0,0,0,0],"minNs":9073800,"maxNs":11379500,"avgNs":9926500.0,"medianNs":9839200.0,"minAllocatedBytes":0,"maxAllocatedBytes":0,"avgAllocatedBytes":0.0,"medianAllocatedBytes":0.0},"shell":{"timesNs":[12134900,12259000,12910700,12130600,12255400,12115500,11960300,14017300,12620300,13013600],"allocatedBytes":[0,0,0,0,0,0,0,0,0,0],"minNs":11960300,"maxNs":14017300,"avgNs":1.254176E7,"medianNs":1.22572E7,"minAllocatedBytes":0,"maxAllocatedBytes":0,"avgAllocatedBytes":0.0,"medianAllocatedBytes":0.0},"merge":{"timesNs":[11699800,10594100,9949500,9668900,10362600,9861400,10717300,10237800,9663200,10857500],"allocatedBytes":[400016,400016,400016,400016,400016,400016,400016,400016,400016,400016],"minNs":9663200,"maxNs":11699800,"avgNs":1.036121E7,"medianNs":1.03002E7,"minAllocatedBytes":400016,"maxAllocatedBytes":400016,"avgAllocatedBytes":400016.0,"medianAllocatedBytes":400016.0},"radix":{"timesNs":[1577600,1115600,1091600,1084400,1189100,1065200,1051700,1092600,1048900,1047200],"allocatedBytes":[401056,401056,401056,401056,401056,401056,401056,401056,401056,401056],"minNs":1047200,"maxNs":1577600,"avgNs":1136390.0,"medianNs":1088000.0,"minAllocatedBytes":401056,"maxAllocatedBytes":401056,"avgAllocatedBytes":401056.0,"medianAllocatedBytes":401056.0}}}
