{"timestampUtc":"2025-12-30T11:46:43.974021100Z","engineVersion":"1.0.0","jvm":{"javaVersion":"21.0.8","vmName":"Java HotSpot(TM) 64-Bit Server VM","osName":"Windows 11","osArch":"amd64"},"params":{"algorithms":["quick","heap","shell","merge","radix"],"dataset":"random","size":100000,"repetitions":10,"warmupRuns":5,"seed":42,"allocationMetric":"thread_allocated_bytes"},"resultsByAlgorithm":{"quick":{"timesNs":[8272200,9917600,7984600,7732400,7780100,7755300,7818900,8927400,7708900,7920400],"allocatedBytes":[0,0,0,0,0,0,0,0,0,0],"minNs":7708900,"maxNs":9917600,"avgNs":8181780.0,"medianNs":7869650.0,"minAllocatedBytes":0,"maxAllocatedBytes":0,"avgAllocatedBytes":0.0,"medianAllocatedBytes":0.0},"heap":{"timesNs":[11641700,13062000,9679600,9248900,9361300,11267000,10049400,9258600,9599400,10066300],"allocatedBytes":[0,0,0,0,0,0,0,0,0,0],"minNs":9248900,"maxNs":13062000,"avgNs":1.032342E7,"medianNs":9864500.0,"minAllocatedBytes":0,"maxAllocatedBytes":0,"avgAllocatedBytes":0.0,"medianAllocatedBytes":0.0},"shell":{"timesNs":[13284100,14739800,12599900,12089100,12476900,13447300,12018900,12166500,12797600,12208200],"allocatedBytes":[0,0,0,0,0,0,0,0,0,0],"minNs":12018900,"maxNs":14739800,"avgNs":1.278283E7,"medianNs":1.25384E7,"minAllocatedBytes":0,"maxAllocatedBytes":0,"avgAllocatedBytes":0.0,"medianAllocatedBytes":0.0},"merge":{"timesNs":[11416800,10096400,9935200,10042100,9847000,9630100,10498600,10616800,9638600,10204200],"allocatedBytes":[400016,400016,400016,400016,400016,400016,400016,400016,400016,400016],"minNs":9630100,"maxNs":11416800,"avgNs":1.019258E7,"medianNs":1.006925E7,"minAllocatedBytes":400016,"maxAllocatedBytes":400016,"avgAllocatedBytes":400016.0,"medianAllocatedBytes":400016.0},"radix":{"timesNs":[1591400,1124300,1095800,1116600,1153400,1065500,1047300,1048200,1441200,1057100],"allocatedBytes":[401056,401056,401056,401056,401056,401056,401056,401056,401056,401056],"minNs":1047300,"maxNs":1591400,"avgNs":1174080.0,"medianNs":1106200.0,"minAllocatedBytes":401056,"maxAllocatedBytes":401056,"avgAllocatedBytes":401056.0,"medianAllocatedBytes":401056.0}}}
