{"timestampUtc":"2025-12-30T11:46:22.727989900Z","engineVersion":"1.0.0","jvm":{"javaVersion":"21.0.8","vmName":"Java HotSpot(TM) 64-Bit Server VM","osName":"Windows 11","osArch":"amd64"},"params":{"algorithms":["quick","heap","shell","merge","radix"],"dataset":"random","size":100000,"repetitions":10,"warmupRuns":5,"seed":42,"allocationMetric":"thread_allocated_bytes"},"resultsByAlgorithm":{"quick":{"timesNs":[8013300,10068000,8004400,8088000,9320800,8174800,7698000,7780700,8689900,7639800],"allocatedBytes":[0,0,0,0,0,0,0,0,0,0],"minNs":7639800,"maxNs":10068000,"avgNs":8347770.0,"medianNs":8050650.0,"minAllocatedBytes":0,"maxAllocatedBytes":0,"avgAllocatedBytes":0.0,"medianAllocatedBytes":0.0},"heap":{"timesNs":[12521400,9227300,10361500,10065300,9446100,9045700,9585600,9428100,9255800,9712200],"allocatedBytes":[0,0,0,0,0,0,0,0,0,0],"minNs":9045700,"maxNs":12521400,"avgNs":9864900.0,"medianNs":9515850.0,"minAllocatedBytes":0,"maxAllocatedBytes":0,"avgAllocatedBytes":0.0,"medianAllocatedBytes":0.0},"shell":{"timesNs":[15221600,13325300,13232400,13477000,12881900,12738900,13726900,12899400,12167900,12936200],"allocatedBytes":[0,0,0,0,0,0,0,0,0,0],"minNs":12167900,"maxNs":15221600,"avgNs":1.326075E7,"medianNs":1.30843E7,"minAllocatedBytes":0,"maxAllocatedBytes":0,"avgAllocatedBytes":0.0,"medianAllocatedBytes":0.0},"merge":{"timesNs":[11152100,10205900,10133600,9960800,10219500,10006800,9950600,9621100,9781800,9688700],"allocatedBytes":[400016,400016,400016,400016,400016,400016,400016,400016,400016,400016],"minNs":9621100,"maxNs":11152100,"avgNs":1.007209E7,"medianNs":9983800.0,"minAllocatedBytes":400016,"maxAllocatedBytes":400016,"avgAllocatedBytes":400016.0,"medianAllocatedBytes":400016.0},"radix":{"timesNs":[1363300,1120200,1138000,1100300,1213900,1063900,1072400,1054500,1054200,1615400],"allocatedBytes":[401056,401056,401056,401056,401056,401056,401056,401056,401056,401056],"minNs":1054200,"maxNs":1615400,"avgNs":1179610.0,"medianNs":1110250.0,"minAllocatedBytes":401056,"maxAllocatedBytes":401056,"avgAllocatedBytes":401056.0,"medianAllocatedBytes":401056.0}}}
