{"timestampUtc":"2025-12-30T11:04:01.294488500Z","engineVersion":"1.0.0","jvm":{"javaVersion":"21.0.8","vmName":"Java HotSpot(TM) 64-Bit Server VM","osName":"Windows 11","osArch":"amd64"},"params":{"algorithms":["quick","heap","shell","merge","radix"],"dataset":"random","size":20000,"repetitions":3,"warmupRuns":1,"seed":42},"resultsByAlgorithm":{"quick":{"timesNs":[2987400,3514300,1514000],"minNs":1514000,"maxNs":3514300,"avgNs":2671900.0,"medianNs":2987400.0},"heap":{"timesNs":[3699000,3362900,1637700],"minNs":1637700,"maxNs":3699000,"avgNs":2899866.6666666665,"medianNs":3362900.0},"shell":{"timesNs":[6009500,2811100,1993900],"minNs":1993900,"maxNs":6009500,"avgNs":3604833.3333333335,"medianNs":2811100.0},"merge":{"timesNs":[1864700,2312200,1910800],"minNs":1864700,"maxNs":2312200,"avgNs":2029233.3333333333,"medianNs":1910800.0},"radix":{"timesNs":[2615300,1034000,464500],"minNs":464500,"maxNs":2615300,"avgNs":1371266.6666666667,"medianNs":1034000.0}}}
